,0,1,2,3,4,5,6,7,8,9,10,11,12,13,14,15,16,17,18,19
Chromosome__1,0.036377139642990525,-0.05556847760149659,-0.026273875627819278,0.028491775854779973,-0.051721061935871025,0.09865105157958635,-0.0892962951025842,0.15614266050894585,-0.33696579654417896,0.16487811157594598,0.1002912576584282,0.02136518208900389,-0.10142773736713807,0.3472291230693393,0.08559481172919302,1.0211452728120973,-0.02906412025424131,-0.3500658949980921,0.016667264318681357,-0.34320413476125544
Chromosome__10,-0.03000772466869992,0.00963937842737502,0.011879958105089211,0.07403297869345336,0.10633151174900271,-0.3569183750499531,0.15908960732132754,-0.03629946134807017,0.13234023107840512,-0.1959636745493833,-0.13437006403796278,-0.01763118566007708,0.7263961460063801,0.12186793749119061,0.25661860616759596,0.2900484549766317,-0.23670874088801588,0.0649627478085163,0.13653712532357448,0.6548779147539374
Chromosome__11,0.07446204895882857,0.10412198150883381,0.021977709400450657,0.16630323525985655,-0.053223093153770065,-0.053140903483486254,-0.13669221958952008,0.034305166220360055,0.23262436965206143,-0.01405359908231116,-0.031834435755031115,-0.465572103365711,0.2671113629433538,0.2520993052462722,-0.004632040118661207,-0.04607988055740776,0.07143408045038611,0.03876835726922307,-0.18450240918224442,-0.04476598272861974
Chromosome__12,-0.12301225063681488,0.06098009976749148,-0.037456636378140964,0.006995832978399271,0.07904640502199228,0.11205058258827505,0.06564433569810693,0.1698696196108539,0.14533302070494244,-0.05311536591921481,0.1974481816408215,0.029271246171649945,-0.14539738558515491,-0.009771039666616528,0.03605341983912952,-0.5415499632149181,-0.31983084159764014,-0.4589119105511195,-0.17801349915060513,-0.20976760977044415
Chromosome__13,-0.10318963639764912,0.028722787524586128,-0.05551016231218013,-0.14521325314313352,0.13154027252158135,-0.1436876281929604,0.10303189007027483,0.0466201459703376,0.07176045298522393,-0.28405021467062336,0.21025798537464524,0.13521433649778497,0.4812425084308442,0.23508648196687734,-0.18147127343461242,-0.23855987325160005,-0.3174540630158487,-0.25432482906357035,-0.48775398356702243,-0.058129985878210756
Chromosome__14,-0.41754823142145925,0.10301152777189923,0.031007415095401614,-0.40399994608007533,0.3090037490122658,-0.33662392401566515,0.09942471918501053,0.009107892294821595,0.05293685539602409,-0.4766732835294869,0.20714307766903126,0.1330274318959534,0.7994930154783965,0.4140872163484619,-0.3260107959646549,-0.06409037671334825,-0.2963518469067672,-0.09065810578122686,-0.652663617174149,0.08371710218779489
Chromosome__15,0.045561695628237864,0.017054874052285642,0.043548551308349503,-0.06807862096874104,-0.0019119534383190123,0.050784946529082685,-0.12542760017716106,-0.05970470706279674,-0.17981105610463222,0.03697594225260257,0.02116731893886298,0.17515316245119053,0.286366636536038,0.18767707260093833,0.32998118421048067,-0.6190818100272464,0.36951184437007545,0.05617131968349452,-0.22283859141455725,0.16055067028245837
Chromosome__16,-0.025796789233627535,-0.06661625393889259,0.05687002347980808,0.004288465477271689,-0.09640841749797202,0.1793348319703854,-0.19572649914172963,-0.2616670552622201,-0.3178008445733729,0.06307906654308405,-0.0052823223865615795,-0.1922407417257902,0.5056136329640776,-0.09357514148596932,0.20464620987591411,-0.04266631398697669,-0.28771203631291636,0.35648393894480956,-0.0079405847649717,0.4838158435447843
Chromosome__17,-0.07416222750860274,0.002522365705270148,-0.02681162257592956,-0.005845032908066259,0.08018162787386521,-0.1554694970247286,0.24081234045619665,-0.380440555616948,0.2509049272933603,0.10247932923511589,-0.0841643388512389,0.13480100297710992,-0.29124641981453503,-0.9038371628577528,0.15630003178108495,-0.16750443041283025,0.33233981483744557,0.11467793345330553,0.24297423357761466,-0.010797354393674824
Chromosome__18,0.06508033833146179,-0.02166025606814006,-0.003617929802999359,0.05898888737486316,-0.06659769351061987,0.02821171668661627,0.18318340057298196,-0.06300057353152334,-0.05555317295221406,0.623026379477457,-0.04834589690620144,0.09082749627805864,-0.07879631410023367,-0.35058853305166404,0.13816081625720178,0.23502001175522902,0.09918535353493846,0.22416323339766245,-0.11987640042032482,0.18860127646211886
Chromosome__19,0.003789418855502881,0.0002953275511870245,0.12588759192448087,-0.17570030096858932,-0.05739465433034201,0.14732981815273724,-0.07736115267094353,0.005168564738279828,-0.03276879935553343,-0.004850078364248952,0.023698878164616095,-0.3782542779140393,-0.39105106881458873,-0.3062824805093072,-0.886745900721246,-0.00997137859331083,0.5928624912737613,-0.0530238162466487,-0.10127091976594182,-0.12777303686096939
Chromosome__2,0.10286325989751254,0.031973753662091035,-0.03162197716093203,-0.004231952409288846,-0.04439288591110484,0.031997939054321085,0.30359044995388895,-0.025044108356245848,0.0023088295904191425,0.6361623199763486,-0.09363370993281188,0.11321334505489095,-0.06752068796001441,-0.3335248269858493,0.14682366270945654,0.23261401932712175,0.10428456075889163,0.22276936126488817,-0.12495485005366905,0.1944094757659105
Chromosome__20,0.11306814386496442,-0.0033272626879592825,0.06015847130231264,0.13576698919703112,0.012006668488280055,0.022142046049674704,-0.3016988270982137,-0.1697051082858589,-0.11495788818874507,0.2165110757562673,-0.1331561786253355,0.4615362255392903,0.042532847177155136,-0.5089650511226468,0.39263120047783573,-0.7920314744397001,0.023771290001011258,-0.4266117761785069,0.4288745241122029,0.2320463746537057
Chromosome__21,0.11648596867163695,-0.0017462736690306928,0.07022512315140449,0.13358761394184956,-0.0008319239813988252,0.03928155950299392,-0.09296667028257165,-0.147853686708253,-0.011245513447388176,-0.0051275971486239086,0.16293666964668552,0.11282748552531026,-0.4449713112366096,0.2929417669241413,0.4569061411972493,-0.4630340796472307,0.14550538778341168,-0.2019396848127348,0.1139065237374401,-0.015458327604265831
Chromosome__22,0.12186097818363523,0.036012708028665595,0.09225440254591788,0.13500195786005229,-0.038708836933591166,-0.06107110326588962,0.11272432163303509,-0.18405483611871892,0.23431537127472443,-0.39207579305738677,0.5876330656993558,-0.09215651670004656,-1.0114314427358082,1.2306794767273643,0.5096710168162724,-0.1272719847507058,0.3180307284013208,-0.00852813941270883,-0.2597123755702164,-0.38840455798457324
Chromosome__3,,,,,,,,,,,,,,,,,,,,
Chromosome__4,,,,,,,,,,,,,,,,,,,,
Chromosome__5,0.05017169074721398,0.01632255984658644,-0.03923840424853376,0.07652605802464607,0.14704222940429762,-0.006863731688201047,0.0023831458515462672,0.045641319208633326,0.24214769860292776,0.18051316564490386,-0.19236189731993722,0.13522981506363202,0.23823694811617505,-0.23915780017212707,0.00693958371091524,0.025071777382150134,-0.22663305035541373,0.05268140224125529,0.2576483026410097,-0.571120832990641
Chromosome__6,-0.005828124369910688,-0.029941929340146677,-0.0475043751800236,-0.020982982121635508,0.0452261372419593,0.05775840682762012,-0.03278939550092735,0.32149910976661933,0.09681677863535809,0.4387764374602634,-0.0709872202965025,-0.5687699972209534,-0.12503823123650767,-0.285169086027659,0.18906162115549163,0.2244776758644945,-0.4650903390099973,0.45823721463040346,0.2704022085909171,-0.1856466022676718
Chromosome__7,0.08271162437966083,0.013647527004312722,-0.08657587754069936,-0.1261144680264595,0.02600994143518109,0.15905727301405903,0.0037337440642593715,0.23343842246169988,0.17022964523195414,-0.1581178968100246,0.18408298634088457,0.1753641416074762,-0.2546168706801039,0.2110586793323773,-0.2867573073360678,-0.3440715236098276,-0.05360341707018677,0.5443566421100677,0.26040895735424646,0.31208814773826965
Chromosome__8,0.05552514890184863,-0.1846769335490279,-0.024428751488034077,0.16276783082439697,-0.17599940263232983,0.0005056011381651973,0.02297929043644786,0.09707132171731667,-0.12026060156127179,-0.42225408452397806,-0.5719579796141607,0.2289614663975963,-0.0342003132363771,-0.06371412914103039,0.09412477397568612,0.09509593404905205,0.4662994833310507,0.17078594005842254,-0.052170713792021116,-0.12072940827011054
Chromosome__9,-0.047649028340848804,-0.01451207677557688,-0.07634760121552761,-0.02523891098277522,-0.24371334664513944,-0.07075110934416133,-0.021995380725453,0.021567155020093254,-0.24426283460406018,-0.3571828968041284,-0.2843658725029577,0.3503260171451914,-0.231947681440054,-0.022485399690858568,-0.4335276360825806,-0.2926703876944213,-0.24830310452973664,-0.45739212593975725,0.3713468972887394,0.596875035871958
Chromosome__MT,,,,,,,,,,,,,,,,,,,,
Chromosome__NT_113889.1,,,,,,,,,,,,,,,,,,,,
Chromosome__NT_187633.1,,,,,,,,,,,,,,,,,,,,
Chromosome__NT_187661.1,,,,,,,,,,,,,,,,,,,,
Chromosome__NT_187693.1,,,,,,,,,,,,,,,,,,,,
Chromosome__NW_009646201.1,,,,,,,,,,,,,,,,,,,,
Chromosome__X,0.09261490280526756,0.0115057736992499,0.03488954296323396,0.1292747783557374,0.0725791009203298,-0.04213997897810195,0.047208398866120396,-0.14105803044902096,0.09895342212634495,-0.12317987964811294,0.16175719226380786,0.28849028085902073,-0.25634534377417245,0.3344273201907549,0.09250374841507468,-0.04035619125681347,-0.02529714536804442,-0.05212055288114497,-0.15927633495620463,-0.6095348673910153
Chromosome__Y,,,,,,,,,,,,,,,,,,,,
ClinicalSignificance__Affects,-0.0936125031451667,0.43775082866643805,-0.14185278116388506,0.06403415688069787,-0.3963360667825905,0.1557485726250322,-0.20688301558310176,0.14034307413800526,0.0026018728128202676,-0.09834595038224886,0.10583525080051348,0.00795329747341058,-0.11918330925235841,0.08565643197848846,0.00012542797162388292,0.012239513376993926,0.08736879788788701,-0.1523043307964483,0.0515827079777445,-0.07357809638038085
ClinicalSignificance__Affects|risk_factor,,,,,,,,,,,,,,,,,,,,
ClinicalSignificance__Benign,0.007718947237093836,-0.002554975759089133,0.002613299937251362,0.006658289042319631,-0.00012503634994989206,0.001780036053045234,-0.0005369415210528683,0.004379915408607615,-0.002241166772665716,-0.004242875272898945,0.006029103467995784,0.0011504806221549271,-0.009982545807788483,0.022336374199912995,0.008109955169693818,0.007976620846758965,-0.008981401054180965,-0.002548488356916117,-0.008189016389132846,-0.00541636163245287
ClinicalSignificance__Benign/Likely_benign,0.00379389626981638,-0.0032252517451158056,0.0001813295736790478,0.019862111228883823,0.0013364226212958057,-0.006764025927603905,-0.0013012462692941645,0.0010984239607269737,0.01394934736320101,0.01470637085193518,-0.006815581982288758,0.032017470484558865,-0.018591751353234997,-0.027857967003824757,0.009691234915476602,-0.025606450306302136,-0.01766777333366733,0.016065922556861827,0.006551582846897539,0.010981159405211783
ClinicalSignificance__Benign/Likely_benign|association,0.02360955657940172,-0.14368584329152964,0.0909513962812895,0.14014285740141547,-0.0718857104049853,-0.08031058684616145,-0.9082390311770043,-0.05828688201740841,-0.11374152322028579,0.6920564134160302,0.09282502850400313,0.10562021987573607,0.04912090970520632,-0.39532985524843983,0.19291639718481302,0.29234184435706706,0.13463051707796908,0.1681464400366744,-0.108585313408741,0.14442747048054866
ClinicalSignificance__Benign/Likely_benign|drug_response,-0.05136627940428701,-0.1800710102841251,0.06593738957775339,0.40197332021667304,0.020815837826280638,0.11078858092269274,-0.06352909856450183,-0.22025360573016464,-0.024891114565378267,-0.08687971404083696,-0.38709475948739996,0.007488966444930713,0.5536726032985352,-0.1255377528028225,0.5255010284184266,0.3403730394599508,-0.35594518136799336,0.027630643352977248,0.11386469131132189,0.8284760549212743
ClinicalSignificance__Benign/Likely_benign|drug_response|other,0.032429978126994816,-0.17576973540408658,0.07504588203903248,0.31087964433433324,-0.009683776170328014,0.10297598802100166,-0.21862934862026379,-0.019694162103240112,-0.000496733511491692,0.13851453021231408,0.4582512640081521,-0.04223922468219416,0.2049879033004664,0.2856149797251938,0.46479305203517385,0.19071339721439992,-0.10324871798912547,-0.01880349949124931,-0.02544885980355327,0.41371738599978003
ClinicalSignificance__Benign/Likely_benign|other,0.24432471669808273,0.08773365555312262,-0.015714941749440974,-0.22074021354986026,-0.010889035178519926,-0.13843412535457067,0.03521171661815081,0.15683327715765497,0.4326618659870408,0.13068496745407338,0.05234896905395722,-0.21249778678291092,-0.027669143410832014,-0.018385210973102667,0.09395483315001188,0.15253380862750238,-0.07997035093685863,-0.10408943580978373,-0.09906591177171381,0.14631341334443504
ClinicalSignificance__Benign/Likely_benign|other|risk_factor,0.02360955657940172,-0.14368584329152964,0.0909513962812895,0.14014285740141547,-0.0718857104049853,-0.08031058684616145,-0.9082390311770043,-0.05828688201740841,-0.11374152322028579,0.6920564134160302,0.09282502850400313,0.10562021987573607,0.04912090970520632,-0.39532985524843983,0.19291639718481302,0.29234184435706706,0.13463051707796908,0.1681464400366744,-0.108585313408741,0.14442747048054866
ClinicalSignificance__Benign/Likely_benign|risk_factor,-0.2091177994663426,0.12424553302864523,-0.22999497671267727,0.16581701751557595,-0.014094199637682948,-0.020172125091849687,-0.28271079219134027,-7.409221780279515,2.0736259724909076,0.8513144289684795,-0.6324169261214049,-0.6564730791986321,-0.25680378354676736,-0.7061641403503349,0.2653883431568808,0.09124570570684941,-0.37583953249862334,0.14760062849563244,0.7186320759152972,-0.24828447784922636
ClinicalSignificance__Benign|Affects,-0.050247345622740025,-0.10020918287124714,0.11360379855238154,0.1974696414021146,-0.15427732820003726,0.11014323823884711,-0.9557868155088753,-0.17479196028347466,-0.05259666757748882,-0.5836836628984431,-0.5141252647531611,-0.1873653509234129,-0.33641490633516824,0.009280044961620784,0.46953549859887184,-0.12987122684588998,-0.24465631893375933,-0.3925095258172278,-0.2337538690740271,0.8679767543348877
ClinicalSignificance__Benign|Affects|association|other,,,,,,,,,,,,,,,,,,,,
ClinicalSignificance__Benign|association,0.2028716210027964,0.06500477985699189,-0.030789035176338353,-0.20449268562447065,0.030996446506246444,-0.22041455417832626,-0.016831683317000357,0.19104262168977174,0.2120429698346785,-0.01690628790491051,0.26753742082065624,-0.04699379374802107,0.11957443226245465,0.11770558501009767,0.10121240542475575,0.6078157508267436,0.08233318962002888,-0.1918508082177594,0.02830922643630491,-0.1614317889326332
ClinicalSignificance__Benign|confers_sensitivity,0.02052715981443929,-0.10959615117986454,0.02847886089923608,0.39334535307898577,-0.15759756871175695,0.7621015551811277,0.8376949160915307,-0.6003133053809689,-0.2533269145287939,0.2531343156408484,-0.8543101581453716,0.013576297747160923,-0.238113130231037,-0.3459280445803387,0.4035590058795982,0.34014770068805383,0.09253008544337722,0.27724983277494536,-0.07917100982155045,0.2374891510000757
ClinicalSignificance__Benign|drug_response,0.07242045870603922,-0.28069655946997696,-0.020986002908375295,0.36046610636320203,-0.11845747499703965,0.6128917042309341,0.6046023265518861,0.21048981711004894,-0.3234919476514213,0.06294834333316418,0.39494246796898147,-0.06499820788046441,0.2567499116515152,0.14565326194437633,0.21282252749008995,0.4788989688002187,0.32157658506731424,0.2140942454548564,-0.11825539991990766,-0.04038336929776426
ClinicalSignificance__Benign|other,-0.11706431020238478,-0.11066236312759295,0.09918036700479041,0.10534558707824529,-0.058291001670213165,-0.3431568514464176,-0.24533867871506657,0.10620010659468355,0.4385436814469875,-0.2734869931793475,0.3211322197057118,-0.0003533915824022599,-0.04465818293430476,0.3399360115701077,0.09979518535546592,0.1468611009338672,-0.04982747694492598,-0.10360705165836745,-0.3291267488034454,0.04847313547839354
ClinicalSignificance__Benign|protective,0.09874377994417208,-0.0882698373460113,-0.04801590836110825,0.14708597184950395,-0.053523143003105345,0.4726624711222409,0.4135276358072388,0.058787661576463424,-0.15697898312198524,0.07853154951140276,0.4291509038815443,-0.24216499112301282,0.5448381498697946,0.5479511729062204,-0.02285911588985432,0.6294795905224004,0.15251985672429544,-0.060352481065470504,0.33418287383506545,-0.3695473718925003
ClinicalSignificance__Benign|risk_factor,-0.09007509646482179,-0.14158898687091787,0.03001373803908647,0.14572902446689542,-0.06831517917393473,0.03660280408756322,0.3140632483562006,0.19913623692986565,0.3309178147030425,-0.1495012381784851,0.18155442179354622,-0.24460248625612147,0.1566692566433337,-0.033069028070837676,0.004363277510424205,-0.043283766957391424,-0.05080628272007277,0.03764593558477136,-0.07287753026096175,0.059253260692945876
ClinicalSignificance__Conflicting_classifications_of_pathogenicity,-0.0012356999331946323,0.000556369428111975,-0.006418197169504647,-0.003373475502185897,0.002471870228597308,-0.0026628915551713266,0.03328295518602852,0.00925323987318886,0.007307044727972253,-0.0007505234306677299,-0.004217179721365575,0.010074236568210486,-0.007416786068901783,-0.025847199632448952,0.010297631640666233,-0.030201957746948754,-0.009557175281338471,-0.0024086993444097583,0.006348026122007484,0.012287174548619245
ClinicalSignificance__Conflicting_classifications_of_pathogenicity|Affects,1.2630244141200249,0.9770771850502218,-0.26927589094439935,-1.559974714283286,0.28273546165831265,-0.045282613426273335,-0.6821405570184429,0.06603757425835058,0.18002447527152476,0.20237780020002943,0.0778056696689039,-0.6385770677021062,-0.02966150020684341,-0.33052145336912325,-0.4123271865561212,-0.14713588801280825,0.3678012371992179,-0.12022349496293068,-0.12968507194198947,-0.34359767526799473
ClinicalSignificance__Conflicting_classifications_of_pathogenicity|association,-0.0951690322860359,-0.11353682604976847,0.03353770993889686,0.2205938661725075,-0.09427885054975474,-0.14792237238373718,0.08806502852995766,-0.1855068290556551,-0.9374037119003402,0.20362642779997595,-0.12440691859936699,0.032365941119021996,0.2312577581514854,-0.44392606511669935,0.07905140141813183,0.3325959069262324,-0.2221917266917648,0.3567399885381385,0.22483593213409003,-0.18144720092024422
ClinicalSignificance__Conflicting_classifications_of_pathogenicity|association|risk_factor,0.04973070404031876,-0.12097802194790774,0.026890082838926643,0.18425114830045897,0.07933159146113782,0.14078190487461353,-0.4724056746930195,0.052392532014688624,0.1747972169272688,0.41641051774763294,0.2580315692117664,0.06769781156920707,0.3039784805248908,-0.22942631308909567,0.08921796736711603,0.09719748647777948,-0.15694263609693898,0.007235571589897474,0.2579107309435117,-0.5979275976167173
ClinicalSignificance__Conflicting_classifications_of_pathogenicity|drug_response,-0.004954982561727732,-0.0763164692981324,0.2812389130686,-0.1431559618412415,0.033021187126879195,0.29329893079931474,-0.9569005402089954,-0.3721331318214218,-0.8332893361397214,-1.1117834852723845,-0.3686136106856278,-1.0587327581218748,-1.063554397732605,-0.327044334122549,0.11304974525766683,0.2580067263058094,0.7006484719034659,-0.5164134703977189,-0.6889662391796464,0.6060665728996871
ClinicalSignificance__Conflicting_classifications_of_pathogenicity|drug_response|other,,,,,,,,,,,,,,,,,,,,
ClinicalSignificance__Conflicting_classifications_of_pathogenicity|other,0.08668759802535692,0.006905140209807772,0.010195928914798709,-0.0750171804749087,-0.03346993015267739,-0.14881363961782895,-0.4532175065008206,0.22787738652814885,0.14970604501677867,-0.02506368444903702,-0.008524436197410813,0.07054772467774646,-0.055680134028416414,0.11174364203064732,-0.07389581739799034,0.45038466893951173,-0.18783754340483705,-0.2968811759512159,-0.005380985747606197,0.024508487706400336
ClinicalSignificance__Conflicting_classifications_of_pathogenicity|other|risk_factor,0.08484467134224517,-0.1720200901995324,0.1430764050706278,0.053087787657070756,-0.19392412102738482,0.35828219054308696,0.4002869244250352,0.5573612294711946,1.8376882395242653,-0.4396754846353057,-0.15813046354175275,0.10520563609365471,-0.15238988574566809,-0.33294201472912643,0.09417213253520962,-0.5184946040463888,0.4943306160815634,-0.17376435583248417,0.3052695724621428,-0.06994019584911448
ClinicalSignificance__Conflicting_classifications_of_pathogenicity|protective,,,,,,,,,,,,,,,,,,,,
ClinicalSignificance__Conflicting_classifications_of_pathogenicity|risk_factor,0.16127352023869376,0.01835224717559787,0.02050647691845712,0.03378351588960449,-0.012556222873386046,0.23421027735760175,-0.2602786394284309,-0.10888505036185143,-0.027822721747426962,-0.22404783042390178,-0.058022544353051105,-0.16422479451305946,-0.3104539669821145,0.2618616218193657,0.22026831708982036,0.07215530715301226,-0.02372675715950527,-0.018363849627754312,-0.22568884942919962,0.030373799614468143
ClinicalSignificance__Likely_benign,0.001092934864299149,-0.003209037019153896,0.0007976856793807616,-0.0006312995202293165,-0.0037753223239793124,0.005181036578966999,-0.0008417847722811529,-0.002907084797878341,-0.0043534135608468884,-0.0011626457025106889,-0.0015879262928374907,0.0023251015836211354,0.0028073032893242552,0.005930593980137642,-0.006585859152778171,0.006813992265716549,-0.002925428957607414,0.0054064033370324815,-0.005475548611276933,0.012989825697316567
ClinicalSignificance__Likely_benign|Affects|association,,,,,,,,,,,,,,,,,,,,
ClinicalSignificance__Likely_benign|association,0.03461088941367361,-0.17860778263561572,0.04468062887427552,0.0988672178251533,-0.06699162107746362,-0.020770296170295216,-1.1756565235128036,0.21146429761708485,-0.4856394076440393,0.17416647144661104,0.29636261413015064,0.01310355404452087,0.004217932686637952,0.4416126095833147,0.13673987289545822,1.2504878765231804,-0.02294490879970609,-0.5503016703095732,0.06285343416663909,-0.4975563202971278
ClinicalSignificance__Likely_benign|drug_response,0.005717269629094163,-0.16899728930186156,-0.019669646577637853,0.09195287319090037,0.0020301160757113107,0.2544696987363938,-0.1820772743915607,0.118193634887516,-0.0077822084219954304,0.05407475364727478,0.3605178034908618,0.058153726383348515,0.41450188291647116,0.13375058529310646,-0.04850136421303358,0.0075010434898044945,0.02424756523576639,0.12792286191314162,-0.10562826915277929,-0.03199344670324712
ClinicalSignificance__Likely_benign|drug_response|other,-0.17370699650714552,-0.07842700620654428,0.24507644921229227,0.212632166555578,-0.034302487032826526,-0.8983975113743365,-0.233939966331475,0.3054670870104643,1.1383038391687497,-0.37083199092228913,0.4829877183917437,-0.39170308941701504,-0.6560943090109536,0.6856846969918835,0.029976370134163516,0.05460458067643495,-0.11027224314394095,-0.11140351008447215,-0.36000556326613947,0.2681775119676397
ClinicalSignificance__Likely_benign|other,-0.056600522304070644,-0.07583443416985547,0.12358252136408879,0.20883765425753684,0.01790691310953444,-0.43521119961231214,-0.2819003152841889,-0.02596209287225377,0.011228395339925437,-0.2205445647144776,0.7256270574232996,-0.3980768072943651,-0.709163956019375,0.8290075991154714,0.5086816962384658,-0.08292789433251438,0.19649802424273738,0.028903583131523754,-0.16668719045115463,-0.14863464685066274
ClinicalSignificance__Likely_benign|risk_factor,-0.001601061213440523,-0.09777611415251858,-0.0318903336132115,0.27910572708321146,-0.00711743457853764,0.5107860498724776,0.3122357956753082,-0.08675404853091259,-0.25276588680518924,-0.46599624299050446,-0.2582633037841671,-0.016907707233971607,-0.5632250592146838,0.6004757877542143,0.06676744121601476,-0.5087620121511317,-0.13020311309567986,-0.3500779074675048,-0.15554123335350686,-0.4078864115305204
ClinicalSignificance__Likely_pathogenic,-0.002854974678993094,0.004257712590103198,-0.0004442492737448945,0.003196231182041978,-0.0007410347486945015,0.0008392979153526569,0.010706227216014594,0.004284556290576424,0.008925372476445509,-0.0011872461897653264,0.002006531085149198,0.007028762712757198,-0.009343503420561203,-0.000886853441855798,0.01255867031348634,-0.01957042287527314,0.005329666219846468,0.0017090478371906037,-0.006721047115829028,-0.035011964398319696
"ClinicalSignificance__Likely_pathogenic,_low_penetrance",0.5481247241827868,0.4221840667372557,-0.24624460326569247,-0.6165204866509523,0.17682553732534215,0.6604405818753152,0.6995330721995692,-0.013150994041311342,-0.26817705130513647,-0.16977228863057497,-0.10493159742095487,-0.09402249655872402,-0.12384562701234798,0.06303114846682419,-0.47400319613480735,-0.2511112871150267,-0.09129105853397737,-0.27345876987964346,-0.3496667218084887,0.0007097684866785303
ClinicalSignificance__Likely_pathogenic/Likely_risk_allele,-0.2438330507312904,0.0328798355371441,-0.12695734517378193,0.007702003854580761,0.10486762899543331,-0.9745149960946595,0.38862460518890984,0.22343371057454367,0.001763623342533098,0.22256312923788385,0.17086423225184497,0.5142767527805263,0.010973986903579277,0.1396018054765069,-0.08759919027480248,-0.49801877792903515,0.17448370432526966,0.09972551168781307,0.5460098413262611,0.035274330622471775
ClinicalSignificance__Likely_pathogenic|Affects,0.09030599920081554,-0.17809137010916803,-0.0678407295195538,0.2658288464953886,-0.11919669063161159,0.7708440468292984,1.3057733974420458,0.3395160426628655,0.5522590906944896,0.18793934923374683,0.8590258984171751,0.21114294445817822,0.3069861897646486,0.12307724747047417,-0.029879871307632005,-0.06413944052544537,-0.19756175303701173,0.29154721403824363,0.1819723846750043,0.6734171928577521
ClinicalSignificance__Likely_pathogenic|association,0.42816077277807246,0.22118014695936364,-0.07502897015907072,-0.3368610054852324,0.1207167454123817,-0.0566603905464646,-0.3462634589407041,-0.05295024658586933,0.306801475868627,-0.08826643993282843,-0.19132275912472313,0.5322760921752807,0.09354009587519437,-0.24696263577610825,-0.17265812676053613,0.03281950587236318,-0.21583688063598533,-0.1335708907346545,-0.019489372481086783,-0.43027123866878003
ClinicalSignificance__Likely_pathogenic|drug_response,0.11975099073589465,-0.001583776325147293,0.028729366683870456,-0.1219581634605911,0.003138136734055814,0.33952735166130205,0.17912984404215276,-0.04035504435707629,-0.08362776939539039,-0.32042292244763304,-0.009311184019368396,-0.1286770475135582,-0.3705193297357741,-0.12528828204389764,-0.6435686625805791,-0.14587746461293674,0.26944232370912913,-0.005725005982157411,-0.017711531563203268,-0.06905002473597913
ClinicalSignificance__Likely_pathogenic|other,,,,,,,,,,,,,,,,,,,,
ClinicalSignificance__Likely_pathogenic|protective,-0.10450023232689838,-0.1553139563509665,-0.03419661202412625,0.2234574521614056,-0.25416997890327925,-0.258184714076858,-0.5563547807207325,-0.3394021473715547,-0.4694509049923865,-0.2824173475342986,-0.7292999599007342,0.5268160641339371,-0.7331240155021038,-0.149090978866607,-1.9223049701393073,-0.7469067126231483,-0.3340404319707781,0.6632166610020646,0.4909784980098461,0.18321160009206441
ClinicalSignificance__Likely_pathogenic|risk_factor,-0.17374368540730745,-0.1117673897486059,0.015837222440807062,0.10298697193974778,0.11817643959965908,-0.7383470913712163,-0.2608438640025985,0.29265823895882526,0.1853982333346894,0.3265231511587102,-0.3787192291140698,0.4647834859360479,-0.18606653569577888,-0.870207860812447,0.4889125327937509,-0.3265726512620687,0.3555131772261145,0.021942074182585612,0.30495031549946394,-0.41150007750403295
ClinicalSignificance__Likely_risk_allele,0.01604696970726798,-0.04330582034700329,-0.018173481102446244,0.057033502739769086,-0.013930044679102983,-0.021068417182132766,-0.09643470488725661,0.015099085039870787,-0.06962215749906932,-0.1786043991716896,-0.03717230393313552,-0.08246117554861145,0.29245039723180644,0.14997473517545268,0.036545747315761254,-0.04723768909219453,0.07473852132522783,-0.1042616068278123,0.25597409655506315,-0.1333100670035683
ClinicalSignificance__Missing,0.0039049631344691238,0.012025791821450669,-0.005401711342487082,-0.026138658188580337,0.029348017836602586,-0.026993950875443387,0.06471271596972272,0.03401987556672938,0.006165811165555032,-0.01751873010122962,-0.009775848678189447,0.07299304685939596,-0.0580551769611811,-0.05994788572726879,-0.04799250048411893,-0.0477893949532915,-0.06483472890647159,0.01930663802519171,-0.020857685047483258,-0.09788759799631729
ClinicalSignificance__Pathogenic,-0.006532016869998002,-0.000677032808889719,2.9665140357301283e-05,0.015449884146185219,0.009925962941271432,-0.010122917617368395,0.020696390052161333,0.0014831111375090695,0.01589807444688501,0.004407131701239891,0.0016169634271384421,0.02734405292299089,-0.03716293891390017,-0.03012386518202768,0.05095325816377897,-0.051010423552504514,0.022403079407750767,0.0011273981804542626,-0.0010080659123472213,-0.04304497814803836
ClinicalSignificance__Pathogenic/Likely_pathogenic,-0.004376913764382884,-0.00504893383286949,0.0019263648003069516,0.010519817035190216,-0.00020851626493597388,-0.00615787949528958,0.0028230257756560197,-0.0007913586396412943,0.004497468040573004,0.013117513845957565,0.007388406247922438,-0.0061068271766191425,-0.016891592448160016,-0.0004616978705158309,0.005261853655894013,0.0008105677951312109,0.023397505040598652,0.01219307855031603,-0.010111938460203475,-0.021859407864820598
ClinicalSignificance__Pathogenic/Likely_pathogenic/Likely_risk_allele,0.10890638164425193,-0.057228771894394,-0.019259843916718776,0.06833338668487574,-0.05013747398887301,0.25788416265041936,0.05185436832747031,0.10583660828212824,0.26092741888975846,-0.42275937507073325,0.37949477946598975,0.10456610715653321,0.008241586149607572,0.7807420546207513,-0.25633239866491875,-0.1558472021554902,0.1575528661519896,0.2685195928596389,0.21634247197049217,0.05853089705868823
"ClinicalSignificance__Pathogenic/Likely_pathogenic/Pathogenic,_low_penetrance",0.12245661717946142,-0.1896214613583598,0.05691068508180132,0.19900210977516708,-0.17818758784919245,0.3642616397274423,0.2582046384416752,0.45598997513148404,0.946603609468706,0.12022251873265258,0.40087674400001666,0.310536032588138,0.1259909459229737,-0.004305443276617721,0.519191252932023,0.23623294193685918,0.07907654934235687,-0.4215575002812479,0.2883935094435415,-0.14856989482055735
"ClinicalSignificance__Pathogenic/Likely_pathogenic/Pathogenic,_low_penetrance/Established_risk_allele",,,,,,,,,,,,,,,,,,,,
"ClinicalSignificance__Pathogenic/Likely_pathogenic/Pathogenic,_low_penetrance|other",,,,,,,,,,,,,,,,,,,,
"ClinicalSignificance__Pathogenic/Likely_pathogenic/Pathogenic,_low_penetrance|risk_factor",0.11889449142367244,-0.05464480804734021,0.1174659280170686,0.3192482971831824,-0.14311098097263256,-0.020347340773715597,-1.1364083302807246,0.1304083373589405,0.31918132061744975,0.42403592449301664,0.047606402573183826,-0.7636207837545324,0.4829813638746197,-0.2069755669733578,0.18355202844721558,-0.3124905129119815,0.04394116121809754,-0.01770092174809503,-0.1363716787451627,-0.4705056850539256
ClinicalSignificance__Pathogenic/Likely_pathogenic|association,-0.03731248085297344,-0.17685096930248706,-0.11007216410577134,0.2868378222334404,0.1822966588215632,0.4687255142361173,0.9847412825253634,-0.03759599786326637,-0.6370488983904958,0.10089601726205333,-0.8402367526893139,0.1948465556108861,-0.4348705853870921,-1.097363476337498,0.3421211886059222,-0.44133498581136615,0.5357774308018953,0.02863371862487546,0.7961752184897533,-0.2024026179654253
ClinicalSignificance__Pathogenic/Likely_pathogenic|drug_response,,,,,,,,,,,,,,,,,,,,
ClinicalSignificance__Pathogenic/Likely_pathogenic|other,-0.13485809458698889,-0.07745922145476872,0.02437366707341697,-0.016102091950179854,-0.00036578297764284324,-0.466181248900144,-0.08125526143232556,0.16388417693872426,-0.27873318431341315,-0.4493863138725994,0.3542505875419725,-0.14984493370800167,0.2534419971688003,0.5270762303346967,-0.30744326015502543,0.3626742632660549,0.02743641154550603,-0.05069652799763344,-0.04360005716727107,-0.21451876466232742
ClinicalSignificance__Pathogenic/Likely_pathogenic|risk_factor,-0.4605943645827621,-0.0929296054512974,0.010501826864984704,0.09716941155243755,0.16206121794956324,-1.496171866333712,0.2686723632937995,0.11769174134250066,-0.5849074429548288,-0.08906322244969263,0.7309229985447205,-0.4812799892189008,-0.3165821628771298,-0.10382825198956641,0.42436611093380683,0.2595802459038424,-0.27062323297396246,-0.71805763258099,-0.10151660009925015,-0.11504505307564558
ClinicalSignificance__Pathogenic/Likely_risk_allele,-0.04784799477184855,-0.009594101107711523,0.050853942252009565,0.16163177128983097,0.027602904210826285,-0.24186895629925914,0.3387507957662777,-0.15771578825746704,0.13934493706761447,-0.565847532361133,-0.5316860693863619,-0.13337416139047867,0.24363067430240196,0.39092327393592824,0.14119653167946117,0.055334320793786744,0.11822687253242443,-0.20481239709660432,0.12490979720782498,0.19907467995718364
ClinicalSignificance__Pathogenic/Likely_risk_allele|risk_factor,,,,,,,,,,,,,,,,,,,,
"ClinicalSignificance__Pathogenic/Pathogenic,_low_penetrance|other",-0.06566134521260827,-0.15719211517298096,-0.08311002233347284,0.07408859861813831,0.037409198592374494,0.7281902020653147,1.1454531176155915,-0.015163084049338067,-0.20317336285823934,0.035292453680742075,0.9374937180880785,0.1269482900321154,0.8764729026851824,0.4075402788822724,-0.29623814682140415,-0.004823202910022491,-0.23878927534705088,-0.09749629735181863,-0.670608702116941,0.10543787858350252
"ClinicalSignificance__Pathogenic/Pathogenic,_low_penetrance|other|risk_factor",0.04960181715826356,-0.05755923448766072,-0.0069407975172130305,0.17708951301898554,0.12842874210419022,0.6513947329827181,0.14500548175028632,-0.21184116325182206,-0.5408533254511652,-0.4050695456192056,-0.5534353854762679,-0.9672753660315927,-0.395576991696949,-0.21260334548978108,1.4518130954980146,0.3902083130755497,-0.1930333122691381,-0.29039132547407115,0.016116319352059393,0.48973998100523214
ClinicalSignificance__Pathogenic|Affects,0.07947164703736621,-0.0773715074347477,0.15783660430866372,0.004079926046221524,-0.11383388774159797,0.0943448184870751,-0.343759898125028,0.2546123930684735,0.40917771806551156,0.23496158965201885,0.39969087341351245,0.3095245447417624,-0.06489014030684949,-0.08150783598571328,-0.09607771321323541,-0.27705858687895074,0.8028370944134489,0.15667545852587725,-0.15161654621986373,-0.14000541497216976
ClinicalSignificance__Pathogenic|association,-0.036397535607165715,-0.11840635523937007,-0.06220330750057283,0.5905747839632343,0.6085287573449284,-0.27248530879390725,1.613267615181425,-0.3333659664015503,-1.7046516187097507,-1.0490699441305695,-1.4707233872165504,4.340615023624189,3.013487757967884,-2.8180244599408493,-0.6918728948887247,-0.2315433300884805,-1.4799175225310908,0.6336724231337169,-1.038796989166522,0.0975243333811829
ClinicalSignificance__Pathogenic|association|protective,0.0158735129884399,-0.19418084951367734,0.11625298620503006,0.10276991407906502,-0.1971751238033948,-0.22420173515080277,-0.9462049597022094,0.6173139111133259,0.7295294807520448,-0.05824883371926508,0.315055011797628,0.14702003530732444,0.020781166481493217,0.3825683162859489,0.10199372282715799,1.331895329730745,-0.07717160532542211,-0.5357875492443723,-0.007114804185200546,-0.48900573677652204
ClinicalSignificance__Pathogenic|confers_sensitivity,0.10015711499843881,-0.0702178749254021,0.18903828534782313,0.32315099343709425,-0.27329448369856313,-0.22377877975422336,-0.9069567664701307,0.5362579508551818,1.5343502090135344,0.19162061932714097,0.0662988002406615,-0.6297043024917292,0.4995445976694749,-0.2660198602707242,0.1488058783789159,-0.23108305970441642,-0.010285535307618299,-0.003186800682893391,-0.2063399170970031,-0.4619551015333208
ClinicalSignificance__Pathogenic|drug_response,0.21217788589574954,0.05009083978098067,-0.014617022989222846,-0.2162664074080501,0.0435532833946997,0.2975424728730629,0.09435563145251481,0.14288393105896507,0.23985364025590172,-0.16359123267733128,0.26483511408973553,0.03890990495854908,-0.2184500638431877,-0.04711742555256049,-0.5493823307684439,-0.1893726122375981,0.18886689382856828,0.11024070269072803,0.020747840775577495,-0.08836332814592482
ClinicalSignificance__Pathogenic|other,0.0705900204258026,0.07110804016966266,-0.015771774877434166,-0.09164470861284517,0.06123779540222445,-0.26437140502914275,0.15862166192992555,-0.09691981928983028,0.10587932806756534,-0.5046213642454124,-0.14635059875048123,-0.16265548873984556,0.7130285138128731,0.6991053002600978,-0.31027513729449285,0.05568496967741576,0.0946919223297385,0.02969333609746093,0.10977470240254963,-0.15906359673971418
ClinicalSignificance__Pathogenic|protective,0.05365468988711718,-0.10665502565480259,-0.13090743261200236,0.16796172110184146,0.03743314980197526,0.379691804496088,0.5220026204784027,-0.1347946174277469,-0.036387000631067506,0.04138769564585021,0.04255873531354625,0.4847615943953937,-0.653470800458704,0.22880683506322846,-1.9028773301832946,-0.9356582585370468,-0.21470086379381814,1.6805504013345756,0.4577616684490923,0.10764926982086302
ClinicalSignificance__Pathogenic|risk_factor,-0.1118138671652018,-0.1244219228529619,-0.03490434300300106,0.16813476137416933,-0.050484094846692515,-0.23307995945841703,0.13867341966966448,0.12327539950010653,-0.40952395484866405,-0.10833892324712074,0.5030399155780007,0.010687682131611125,-0.06915453606701139,0.11901990532824894,0.28500704171342417,0.303320482669941,0.05056154134507419,-0.40786945727464524,0.11022760196467467,-0.2327053108951404
ClinicalSignificance__Uncertain_risk_allele,-0.04554504988719178,-0.13846907493026558,-0.031924104789188744,0.18777871738985674,-0.019268560589896146,0.2224297043609793,0.4022077434668616,0.11824166539172928,0.07862245127586517,-0.35231283109712025,-0.17024989182929812,0.08568298764558833,0.09277291000901454,-0.08569315467030841,0.14664158927844131,-0.17088135055334225,0.09442186832079197,-0.05223554804613661,0.1720061048107232,-0.09245254545590645
ClinicalSignificance__Uncertain_risk_allele|risk_factor,-0.7483594702777768,0.19355608295382054,-0.41854151077495694,0.19237771703405862,0.3783063102322369,-2.3286877425849615,0.3571429035370833,0.18517051276307211,0.63026443172493,5.817951891538561,-3.1827937356941014,-1.1194555472789272,0.7988151089855019,2.1035757412647857,-0.15472568507451562,0.022556538400077483,-0.00525184549996151,-0.26163582228126403,0.4011985995980305,1.0836659277032876
ClinicalSignificance__Uncertain_significance,-0.0004980965170731125,0.001913315301553538,-0.00019058802938582822,-0.002523046257029782,0.0003834546764251885,-0.0005654980286769654,-0.005314833619803811,-0.0004483271981154774,-0.00018007757987391544,-0.00032570144650456375,0.0006225876577899359,-0.006775473447076595,0.006146769413766782,0.0014853351132506764,-0.0052337662946838875,0.006383769325254691,0.0003539961075307961,-0.003365176247522167,0.001974679304632556,-0.0009057736394990706
ClinicalSignificance__Uncertain_significance/Uncertain_risk_allele,0.11280629950756638,0.060624124325807674,-0.11826510005775245,-0.0872259952776753,0.11546080247187085,0.010447734214552303,0.40279649212030444,0.018049592261139856,-0.22928859399910312,0.08433771652838547,0.019814166079703127,0.17552487552563015,-0.15252951304115328,-0.1742425324196302,-0.005085239636037658,-0.45800127745045316,0.03276818332829599,0.012272657045406823,0.34334753483555486,0.03166773015103978
ClinicalSignificance__Uncertain_significance|Affects,-0.621137546528251,0.3195852077173893,-0.5556685441471059,-0.1792684654434894,0.3467535079038429,-2.0021202732276056,0.22072229405475957,0.3864800170166334,0.730964604820032,5.587209807535427,-2.7650396391476253,-0.8305515072914132,-0.06246997555092606,2.548072491611264,-0.9600445291706234,-0.7798685775772262,0.28149988782360674,0.2139423017457069,0.7102958351856778,0.7424326146658625
ClinicalSignificance__Uncertain_significance|association,0.5374283885550563,0.35430491661821123,-0.11331730850462443,-0.5478476548225018,0.22133647339390625,0.1397039300046778,-0.08410951874865799,-0.08021455928464737,-0.15192606539863318,-0.18795073156965164,0.17489271576208268,0.11234666167690852,0.25032239646982296,0.0847657027871256,-0.4337939561532561,-0.1263494489669231,0.15189125771763634,-0.037252840003738595,0.08658874372175401,-0.3565046869572801
ClinicalSignificance__Uncertain_significance|drug_response,0.5202895891666173,0.29829465010762535,-0.15789191980308784,-0.5402141647945723,0.16437604535452466,0.46541847547006765,0.4288304878187908,0.052944046711718554,-0.0677895424664525,-0.021591100672378162,0.1228796860665083,0.010746492099939609,-0.22064986470883582,-0.20503818543542324,-0.4767390850093855,-0.1404996209799464,0.08953576805019337,0.1499975539053711,0.07664703222594596,-0.21515139757613083
ClinicalSignificance__Uncertain_significance|other,0.01569653305866136,-0.16740833157464333,0.12807388705829653,0.1381130180881687,-0.020419048452313383,-0.132340323413891,-1.0533094566631795,-0.003541589091462894,0.22736684027815393,-0.010486276360896118,0.2512962595381615,-0.0058144307443772775,0.2536937875276238,0.15126439638528194,0.3126945766197956,-0.1620961631923503,-0.17121915746969846,-0.10686719522884021,-0.05425530810561315,0.1533351905834649
ClinicalSignificance__Uncertain_significance|risk_factor,0.4833642897517544,0.2554813886320775,-0.10840013221969524,-0.5485890224550615,0.02044860016816008,0.3835561306618186,0.18789591328413652,0.11798273877556364,0.3247691768728414,0.07762694339548631,0.23591911353358672,-0.1614065870738234,0.09687252143075531,-0.13528856260992983,-0.06416269196664051,-0.31509746325522764,-0.05455816274452707,-0.1632507867176174,-0.10058167361095638,0.16604269872382726
ClinicalSignificance__association,0.07358329281248607,-0.0320208624274872,-0.004768725481500147,0.04491855939590491,-0.01820414063538789,0.11216975268738069,-0.11801511290547988,-0.017805273935695386,-0.08379193711458763,-0.03020490832205424,-0.008322662448990001,0.00583879257865968,0.020283714979908298,0.008765110338371851,-0.03260697123547992,0.08096286951904225,-0.010503503552762129,-0.12766213581017555,0.02737403271930194,-0.07092032203069812
ClinicalSignificance__association_not_found,-0.05176807810693786,-0.04426350601261525,0.024936001450687806,0.31218432908840354,0.07501992401536986,-0.16682132750108677,0.029804205017345833,-0.5847873406586881,-0.18482395236851587,-1.0014842768803154,-1.3632098547801736,-0.011840503441561193,0.4875262097397828,0.5808693830759023,-0.7856350424199928,0.13133338466329225,-0.0620126023338472,0.7107582681667786,0.30951048624157346,0.06959354227168538
ClinicalSignificance__association|drug_response|risk_factor,0.16328564928819492,-0.10729027428835262,-0.17219042487100467,0.078054407129659,-0.06988134043284275,1.035843500998229,1.1228373107955876,0.23724598804152514,-0.0049752669560006995,0.18877595981511744,1.0585567478566744,0.2886367238205333,-0.1319379694009931,0.37484776929239666,-0.4151662183215358,-0.5060557251178796,-0.027072538112369347,0.5220792155191291,0.37150512164474814,0.49852524457873754
ClinicalSignificance__association|risk_factor,-0.04907131849080021,-0.10240350081591855,-0.06461014741136019,0.15222675533287328,0.01780578908201948,0.46444499934125694,0.1587188463384633,0.1553755889910582,-0.10202394196953503,0.1399794616230619,0.47215350747882656,0.08674130323980772,0.09969526734795554,-0.0681454819748834,0.027242100558861934,-0.6098907036895439,-0.3500179581487605,-0.6414833504399403,-0.09509544020274546,-0.4157062255565086
ClinicalSignificance__confers_sensitivity,-0.014442326915151843,-0.10940735570668597,0.12538551613108495,0.038424246769697856,-0.10929989099759958,0.20198317221620984,-0.5457553055368665,0.009139927735885246,-0.041312200112588196,-0.10091910559463581,0.02716054793671983,-0.22185768544977677,0.006084190867051226,-0.18803760706998526,-0.5356547088298103,-0.16888499049700256,0.19103432616466628,-0.09004580597174393,-0.03978883576201013,-0.005366689368828871
ClinicalSignificance__confers_sensitivity|other,-0.012680450147933198,-0.11650813827674911,0.23555541420064224,-0.15899186754833097,-0.08154816147522673,0.05668011051247952,-1.1502885327415804,0.0291952221754089,-0.09223989197293204,-0.001069824718439711,0.2377164498865679,-0.49799384119877216,-0.3580818159274755,-0.35825621789227097,-1.0684656874224068,0.03441085233459485,0.7468480114405739,-0.19187069139861576,-0.09582050570988658,-0.26336823645907803
ClinicalSignificance__drug_response,-0.01731445440104614,0.03532650590124757,-0.006283879402983848,-0.15556021006351656,0.06987062111378511,-0.03989453431224209,-0.026625449122890252,0.3326586785465715,0.15954960831414172,-0.04566770221707912,0.5318802037343363,-0.22005636072137577,-0.45484469753543405,0.3359149343437173,-0.04402840060604123,-0.16634017655567693,-0.13092509593159612,0.46287512648569695,0.05794492250440295,0.1452611307096768
ClinicalSignificance__drug_response|other,-0.04982508102180586,-0.19711585633995776,0.09717365726878002,0.27537207237788786,0.06367176697966609,-0.31041749009095193,-0.9364960721987698,0.050759605951615924,0.044901581088875674,0.13258133484675408,0.0864728338372878,0.05351092750921822,0.6972896232666566,-0.1502386581368729,0.4201797240710342,0.3164701112944574,-0.33489496555069703,-0.026921053016158054,0.09915753951772681,0.781945214661511
ClinicalSignificance__drug_response|risk_factor,-0.2710267260058448,-0.07838455128650171,0.1260921368290579,0.11886987767036668,0.050899523304552836,-1.1072507928087862,-0.14009347906208122,0.6328941409687021,1.0671327006187916,-0.21771872015854632,0.5056775471423887,-0.46944521988171856,0.24302568131696603,-0.19696537182369375,0.22453833461961192,0.1133480864241325,-0.2712012880965577,0.27397114474958767,0.23411699068295272,0.30143115968900147
ClinicalSignificance__no_classification_for_the_single_variant,-0.009140419265377876,0.0027644990356948036,-0.0021250634476299435,-0.040608895894407096,0.0314805041078967,-0.01237087424194168,0.0012690076512027206,0.05654272558461886,-0.03961053776401119,0.022242770190375835,0.0031666583532944433,-0.026911061421852976,0.008263079054886553,-0.021629905586577056,0.048691033203092766,0.021539733184128343,-0.031081761895815487,0.013972451952969197,0.07463236522562891,-0.007946807567497046
ClinicalSignificance__no_classifications_from_unflagged_records,-0.04391738196381514,-0.018345545692481896,0.04771846412850894,-0.0006981192422938634,0.06687554126576388,-0.11766655888775737,-0.11137604678933541,0.04146335570758152,-0.0068691966277098105,0.033102416569187304,0.005705081482866215,-0.023539489085303886,0.19826182272500062,0.005828473995251628,0.28533306047827706,0.007185606155552207,0.11547718964463867,0.09195665841166559,-0.01791415440682986,0.06934956824680764
ClinicalSignificance__not_provided,-0.025500462386547823,0.003764257529503336,-0.0039439803860808805,0.010614448339541477,0.043528523027518716,-0.10905942211490666,0.052926767000001484,0.002696037686594851,-0.08518646166056978,0.09843570099490752,-0.13126031854970985,0.08797371259106596,-0.11580742392382429,-0.2881053553432754,0.18917067965957327,-0.23469943368216406,0.13897004329196866,-0.07337396949863588,0.26045602830860354,0.013619732419663641
ClinicalSignificance__other,0.043373048875141186,0.02520475641102298,-0.0077168061011865805,0.010700285125701932,0.12896775619375883,-0.19175108862808943,0.20296064929350635,-0.09703741745360905,0.07614115798355105,-0.11352435142518666,-0.06464248776131125,0.3066781896450835,0.39402891761153325,0.1451567581467404,-0.23337241195183095,0.0003599955575676995,-0.12253384649251083,-0.038695633526896644,0.004576367377886996,-0.5235597821726897
ClinicalSignificance__other|risk_factor,0.07739684272771924,-0.07108673157638859,-0.039953376103368014,-0.09627411009965993,0.032118964651273486,0.016149979266401916,-1.072916681681092,0.2520691102051764,0.14560175418397994,-0.09816074915638137,0.5042269303837635,0.34241496749673184,-0.16399546126977135,0.29425809220960547,-0.3851391200250734,-0.4859550046828459,-0.04814323222712831,0.448657071010814,0.40825477510537467,0.4407119016240866
ClinicalSignificance__protective,-0.03908752275748086,-0.07488330583952878,-0.028380859071712908,0.06453237310203133,-0.04010221101659678,-0.18070332229180208,0.24974068057298401,0.005356464633063628,-0.16493680899132673,-0.03829646700341939,-0.3978245286290038,-0.09127308020382527,-0.10153386538746442,-0.22852775325610536,0.10753567343005233,-0.2269570950569031,0.06384325295521481,-0.013226178858294507,0.14970051987320632,-0.09390748757843334
ClinicalSignificance__protective|risk_factor,-0.04385811691718281,-0.1275709265399524,0.10071277898779563,0.04989761196246593,0.004348902493375051,-0.06817236153987602,-0.7709435835707485,0.21866805849632098,-0.043706090481170023,0.055896123856621766,0.04549812988477616,-0.11533948805022505,-0.23837434478327701,-0.27701068794940237,-0.19919340255222356,0.2233758453798765,0.3482961829604023,0.006747990045073558,0.12521489135809127,-0.15037132981015885
ClinicalSignificance__risk_factor,-0.06510199461504307,0.0071866621121861336,0.020332441889662697,-0.040019890380497414,0.038581948491692344,0.014689608749209193,-0.01635737077270354,0.050018431594676706,0.023856663780370303,0.02843414114643713,-0.024686234247376797,-0.029053431008295872,0.06235725031869659,0.06439708937170856,0.06075239339728109,0.07542725225121641,-0.005774064481088539,-0.0061001067628505,0.060951380050749945,-0.022182355318115462
ReviewStatus__Missing,0.0039049631344691238,0.012025791821450669,-0.005401711342487082,-0.026138658188580337,0.029348017836602586,-0.026993950875443387,0.06471271596972272,0.03401987556672938,0.006165811165555032,-0.01751873010122962,-0.009775848678189447,0.07299304685939596,-0.0580551769611811,-0.05994788572726879,-0.04799250048411893,-0.0477893949532915,-0.06483472890647159,0.01930663802519171,-0.020857685047483258,-0.09788759799631729
"ReviewStatus__criteria_provided,_conflicting_classifications",-0.001373336215212962,0.0005943498771149229,-0.006379193197933449,-0.003405722807176426,0.0024859923703775856,-0.002739887212965194,0.03323213584947153,0.009298592372184321,0.0073924921482561926,-0.0008062354965013719,-0.004333415735331602,0.010076892424748343,-0.007638078617251548,-0.025838029423939264,0.010465102001230079,-0.030151798405297987,-0.009495546037048856,-0.002463668014807741,0.0064115660173621825,0.012433574117803648
"ReviewStatus__criteria_provided,_multiple_submitters,_no_conflicts",-0.0038736930555934063,-0.003444880212060694,0.004035121558767459,0.006284449518228662,-0.0012246438458520896,-0.007252937382917905,0.00488454999332049,0.0021164902010293095,-0.0024230337660646833,0.004117330580187219,-0.00018379525727677557,0.0021134965425577412,-0.0037174420904939184,-0.009923204080233575,0.003143639485891447,-0.009642951749704684,0.0007689461988732098,0.0045610251284229405,-0.009645219111496873,0.024418858709318675
"ReviewStatus__criteria_provided,_single_submitter",0.0009169088981432301,0.0003977230095525899,-0.00021620490609273934,-0.0009576502241673615,-0.0008806946762954257,0.003477408597521415,-0.00400912268270331,-0.001284650771952728,4.970203066571018e-05,-0.001382717737284159,1.518090990050698e-05,-0.0021428315007481777,0.002401131810852415,0.006770701103438303,-0.003309207635361277,0.007675211798116086,-0.001166851235230147,-0.00011002991219563526,-0.0005258891772000006,-0.004354497019355164
ReviewStatus__no_assertion_criteria_provided,0.010520811900711101,0.009359532732011268,-0.0044516683839071515,-0.006536415021516088,0.004634170475114858,-0.019515041728382237,0.004196311069528979,0.0007129271808662276,0.017101841389090468,-0.005125030102253881,0.025167877878960934,-0.011002101754498513,-0.011289158930555683,0.017827704261228757,0.009550557812836487,-0.020584519354474,0.011974201368205647,0.011487385001262713,0.007164053011362867,-0.032662592217188056
ReviewStatus__no_classification_for_the_single_variant,-0.009140419265377876,0.0027644990356948036,-0.0021250634476299435,-0.040608895894407096,0.0314805041078967,-0.01237087424194168,0.0012690076512027206,0.05654272558461886,-0.03961053776401119,0.022242770190375835,0.0031666583532944433,-0.026911061421852976,0.008263079054886553,-0.021629905586577056,0.048691033203092766,0.021539733184128343,-0.031081761895815487,0.013972451952969197,0.07463236522562891,-0.007946807567497046
ReviewStatus__no_classification_provided,-0.025506749510796786,0.0037848745050319504,-0.003935614665398741,0.010586808450150136,0.043521684911400155,-0.10913836485170729,0.05279216270764262,0.0026904318382437262,-0.08515223141072605,0.09837381337187884,-0.13131264212755067,0.08797282878821097,-0.11579573055654319,-0.2880203440530042,0.18912861882087703,-0.234695126340898,0.13891394710897223,-0.07339220180205701,0.2604062916580012,0.013635717542281255
ReviewStatus__no_classifications_from_unflagged_records,-0.04391738196381514,-0.018345545692481896,0.04771846412850894,-0.0006981192422938634,0.06687554126576388,-0.11766655888775737,-0.11137604678933541,0.04146335570758152,-0.0068691966277098105,0.033102416569187304,0.005705081482866215,-0.023539489085303886,0.19826182272500062,0.005828473995251628,0.28533306047827706,0.007185606155552207,0.11547718964463867,0.09195665841166559,-0.01791415440682986,0.06934956824680764
ReviewStatus__practice_guideline,0.12314182161091142,0.03815994272118475,-0.07002486797203343,-0.08590801981549723,0.09444013422390016,-0.1747669862623195,0.15337103538141686,0.16807901466746006,0.20181796772874228,-0.23883677329570646,0.23153659977919622,0.1454090402475792,0.14603647343272486,0.07263172430339775,0.04228959658468942,-0.11199842821877698,-0.23641452023073595,0.27483747307909545,0.2189312556270677,0.6738482390668581
ReviewStatus__reviewed_by_expert_panel,-0.029874186974908522,-0.0032028636631872493,-0.01690749109641105,-0.0029293883447633947,0.07622198440506506,-0.0678296471237394,0.08969753913177067,0.030592191509473565,-0.014890663782970829,0.03176187991611052,-0.0015333551708634676,0.1330978862987672,-0.031891464954378265,-0.30134545788227973,0.10203461431848256,-0.25999892134323555,0.059326301894381504,-0.09997717604581342,0.0984135186150487,-0.06632306270631315
VariantType__3_prime_UTR_variant,-0.023593147339390826,0.0007234616767888164,0.004750683817560149,-0.008714743705477451,0.005400282341103507,-0.0033978480615994462,0.002285421920843518,-0.002265010745481309,0.009349067585088803,-0.0022062155252748836,-0.026248581554993017,-0.02064117374575762,0.0078068924076253945,-0.029251165721337635,0.013746544733067833,-0.00999230098447547,-0.016343581424582494,0.00411235907311447,0.00614108445496755,0.006940526861363898
VariantType__5_prime_UTR_variant,0.006600137399304551,0.012690481882457466,-0.006641225139114201,0.004249603799577161,-0.018597130407814244,-0.0012023822822648663,0.005950850706790559,0.005917424794208214,-0.011541229941221347,0.015372348498427859,0.009454447334539373,0.0070880673115463685,0.04786001973105281,0.0036218030045176678,0.02034854575750891,0.004704722131931587,-0.05074079416535896,0.023278309969623528,0.0048647486512983255,0.018561800004035935
VariantType__Missing,0.013900394321263198,-0.004202027977089953,-0.001120210129503951,-0.00032275959121490444,-0.014580189757794007,-0.03422434687782177,0.02976718165524475,-0.006360011370860295,0.02952205314733519,-0.026253773220347047,0.005340407929957603,0.028533269163059212,-0.025878982753272606,0.028264291127678608,-0.06578609262724544,-0.06030207942609654,-0.025296153648032175,-0.06702083386246781,0.0031640651100903515,-0.03388242905489177
VariantType__frameshift_variant,-0.014492737578186652,0.0012302295886266943,-0.0027035334037560084,0.008101057910144021,0.01265325082877158,0.0017403004744130613,0.014716273312024235,0.01729513713368594,0.02625261131514933,0.003470521028012162,0.004708986285806173,0.012712707429067693,-0.01433089187485127,-0.030900488067516853,0.03214211747089485,-0.0459472612992086,0.006312842129223278,-0.005406688178475861,-0.016829804474237365,-0.020253373286553526
VariantType__genic_downstream_transcript_variant,0.023191713692093916,-0.085943173173381,0.03268609805252396,0.05807389631652959,-0.03589530530357465,-0.0524768445423329,0.07224089703077058,-0.03327920239323105,-0.013716508406015493,0.031926335846410664,-0.1277228284190741,0.04932985243271988,0.10138384831875431,-0.1068901084495179,0.08895058061154375,0.23506950976092333,0.22630611598670167,0.1299910799273641,-0.08630661718083367,0.11234028725727366
VariantType__genic_upstream_transcript_variant,0.007072914727483104,0.0006052184387078448,-0.0203340699251164,0.08222532896210813,-0.06398561410528845,0.015328227845507364,0.01872817081496591,0.02323662956526105,0.05481574620689879,0.005489941445462349,0.018034900929737627,-0.026718112351016617,0.005398324855593983,0.03701443754141128,0.04787678032536348,-0.01094593019306526,-0.02976598275880685,-0.031238098990704333,0.028140529692385893,-0.0049047038368961885
VariantType__inframe_deletion,-0.007703837413494792,0.0060713950535159975,-0.01248674839836603,0.03592829791079198,0.010590425678973843,-0.009694188972130086,0.00680487382480827,-0.004776883519804387,0.0030788153926799974,-0.02429886498622606,0.002812512795066638,0.005078853768913766,-0.005335474125486435,-0.0023719528332449857,-0.03187824127742021,-0.01889544105367233,0.0010569578606084862,-0.022825006749838922,-0.006511266375479407,0.0016498198038711802
VariantType__inframe_indel,-0.019236005003189904,0.019214284297334832,-0.010237807287644876,0.0055642623061358835,0.006094729960976166,-0.019396312268028324,-0.0004980269537961114,0.016348185657210353,0.07239455543732595,0.031074112121559458,-0.014602144773944902,0.012712347940480115,-0.015027392604565344,-0.0454412019491534,0.0005161068547823274,-0.06760709401847079,-0.002983161697064622,-0.003988399478648284,0.01951691849738199,0.011653944406006752
VariantType__inframe_insertion,-0.020810006508827725,0.010593144517659327,-0.0038749680978150455,0.017517797643435844,-0.016334845852975944,-0.007549119580172275,0.004875129200369192,0.011526514877458083,0.0068610340408402195,-0.033441220024244114,0.007227236135704753,-0.0035762844282952425,0.010485829200455089,0.004800202240134832,-0.02621718393562573,-0.01624123087975025,-0.017070079225870515,0.019891992907085553,0.008775090922528846,-0.004653882046411064
VariantType__initiator_codon_variant,0.01838384143281895,-0.025579447539768277,0.009685853824373505,0.01633584813075001,0.00594414553019768,0.12993959822146472,0.1501148489866143,0.0001467752499072269,-0.061968084286659376,0.13125030857990938,-0.0006325878504864725,0.003893968990818549,-0.0027245224185270074,-0.10883917905466489,0.11463059252919841,0.11114148826779406,0.02310148372608255,0.022533713252528155,-0.0029370696438077055,-0.05941560023781496
VariantType__intron_variant,0.0043585163529403425,-0.00021306453898373097,-0.000865274654807826,0.0028066717900428265,-0.0005040386101879358,-0.009826681061081475,0.0028163497441658822,0.006469092766522082,-0.0035972199355066353,0.0034537391781584714,-0.004163290141902142,-0.0039476630184858965,-0.0074592926612405365,0.007459531220311089,0.016774109168084764,0.004738570372573419,-0.0008129382039041388,0.007700494054927838,0.002383214521441126,0.008765017319452974
VariantType__missense_variant,0.00012195556472117466,0.0022542880910912553,-0.0012216106309678866,-0.005216690828528127,0.0011777103156675598,0.003946438207227586,-0.0018810979496182185,0.0032184424390399517,0.0031305347425913824,-0.0007740725950500563,0.005842385983374903,-0.0033496253035401355,0.0031454948722661803,0.005670575152225393,-0.009055484372257993,0.005563145023933125,0.004328029097293553,-0.007465988629224204,-0.0016913841929479662,-0.005907697976652553
VariantType__no_sequence_alteration,0.007586241022387489,-0.03208179540373519,0.0012620819015776317,0.04131909111270847,0.005013799244179625,0.03386019789145101,-0.009292211757883244,-0.011642464463879926,-0.012540584698417333,-0.0019642194077627902,0.03266390992251025,-0.04674534949485908,-0.017903744393537226,0.01634768393928878,0.03132004478898948,0.02077143032447915,-0.016985705273667898,0.0022742546563679278,0.05546019917363757,-0.0027988979751950457
VariantType__non-coding_transcript_variant,0.0008269534180109909,-0.007264847563463131,0.008019882658055087,0.008360491855932297,0.004818909247064527,-0.0030198546853979964,-0.006890313584215114,-0.04276836629772211,-0.019570397139635494,-0.012315326121669197,-0.020064503665621132,0.020580160536142998,-0.005175511680552984,-0.04071545995151943,-0.01573930541039043,-0.023205190852395658,0.010085581651348857,0.008534140283462291,0.028362125492981956,-0.021572687512009126
VariantType__nonsense,-0.004881972708482667,-0.0008195740475005529,-0.0013083213405359576,0.011117472233990719,-0.0009455748401686648,0.0019067930866733065,-0.004528013133828528,0.021809552604664665,0.004998746660151969,0.0042822239658628445,0.002809955688987104,0.006879757045276549,-0.018068709161950032,0.0072309159107979025,0.03559446413578517,-0.01825843605033769,-0.004466708961276003,0.0007582945213524234,-0.019599441225253266,-0.029564036795009175
VariantType__splice_acceptor_variant,-0.004390614388286594,-0.008319053105288668,0.003177477262518564,0.013232849036158142,-0.0030759484691818516,0.004038875710567042,-0.006388123016487407,-0.010328129518790021,0.001641008073446685,-0.001874660814955699,0.009629519639541811,-0.0016512848983574648,-0.03615012438566893,-0.007256744553678868,0.025566440020551234,-0.024782955855486736,0.017989864840678507,0.002949147396655576,-0.013584724321301103,-0.008377790116260145
VariantType__splice_donor_variant,-0.0097334786436725,-0.0031439282078570174,0.0031584224766749544,0.008315994968149124,0.0008493274180602608,0.01714190159250546,0.014012341615453477,0.007629264224714225,0.007046861772576329,-0.0034852029807468164,0.00959552419032186,0.011049092083035908,-0.027187519018652503,0.00031389371178632436,0.018223401089100897,-0.03576718068178635,0.005684350826855222,0.008150391637489141,-0.0035691812943712854,-0.009551782025123683
VariantType__stop_lost,0.026057461489305416,-0.02938277971155535,0.0045188913240157376,0.03878199247412337,-0.0073584860601104,0.011803064544417683,-0.003522311008072345,0.03877645787153886,0.00521551181966544,0.04620228368616646,0.03197260759994754,-0.023971811635014516,0.009924051773391904,0.023238190807249752,0.021760270317486133,0.047686934847601246,-0.04539556227633748,0.018638941674549613,-0.04203968660762894,-0.05370074404050035
VariantType__synonymous_variant,0.00020300867350967413,-0.0036847002406662837,0.0019178564726200808,0.001662650831537188,-0.00345082185909181,0.003292940167981392,-0.0008554158470315746,-0.005091572908097035,-0.002331615444262722,0.0012190578854859762,-0.0016130443563160096,0.0028373728188093575,0.00311658348501566,-0.0003976722555812696,-0.0044101549363184216,0.0039994563997977385,-0.0045406407975455134,0.004286628491156439,-0.0044487879098340025,0.014778586072194802
